idx,Annotation,APP Features 1,APP Features 2,Review 1,Review 2,run_1_response,run_1_label,run_1_status,run_1_finish_reason,run_1_thinking,run_1_error,run_2_response,run_2_label,run_2_status,run_2_finish_reason,run_2_thinking,run_2_error,run_3_response,run_3_label,run_3_status,run_3_finish_reason,run_3_thinking,run_3_error
0,1,likes,liking,"Is this true that the updated version of whatsapp will provide us video calling n likes & comments features???;I do wish there was a better(any) alert system like on your iPhone for when you get new alerts(comments, likes, messages).",Love the fact u can customize and listen offline ur play lists...also the up to date music you can Save instead of liking.,0,0,success,label_logprob,"{""score_0"": -42.8125, ""score_1"": -42.9375}",,0,0,success,label_logprob,"{""score_0"": -42.8125, ""score_1"": -42.9375}",,0,0,success,label_logprob,"{""score_0"": -42.8125, ""score_1"": -42.9375}",
1,0,link and you click,link to the full site,"When something is posted that has a link and you click on it, it takes you to a Web page, but there's no way to get back to Facebook without hitting home and going back to the app.",But I wish it had a link to the full site like the mobile version does.,0,0,success,label_logprob,"{""score_0"": -43.125, ""score_1"": -43.1875}",,0,0,success,label_logprob,"{""score_0"": -43.125, ""score_1"": -43.1875}",,0,0,success,label_logprob,"{""score_0"": -43.125, ""score_1"": -43.1875}",
2,0,list makers,list my items,This app is a dream come true for list makers!,I know you can do more with it but I still use the computer to list my items.,1,1,success,label_logprob,"{""score_0"": -42.84375, ""score_1"": -42.78125}",,1,1,success,label_logprob,"{""score_0"": -42.84375, ""score_1"": -42.78125}",,1,1,success,label_logprob,"{""score_0"": -42.84375, ""score_1"": -42.78125}",
3,0,loaded,loading,"It's so bad, that it's clearly obvious that the author of the software and the person who approved its release for the Fire has never ever actually loaded it and run it on a Fire.",when I sign on and it sits there loading for ever and when I click on the tab on the top it loads my messages just fine.,0,0,success,label_logprob,"{""score_0"": -43.1875, ""score_1"": -43.25}",,0,0,success,label_logprob,"{""score_0"": -43.1875, ""score_1"": -43.25}",,0,0,success,label_logprob,"{""score_0"": -43.1875, ""score_1"": -43.25}",
4,0,clicked on a song,click on the tab,I clicked on a song and it plays a whole different song,when I sign on and it sits there loading for ever and when I click on the tab on the top it loads my messages just fine.,1,1,success,label_logprob,"{""score_0"": -42.90625, ""score_1"": -42.8125}",,1,1,success,label_logprob,"{""score_0"": -42.90625, ""score_1"": -42.8125}",,1,1,success,label_logprob,"{""score_0"": -42.90625, ""score_1"": -42.8125}",
5,0,clip selected text,clip web pages,"I clip selected text, web pages and links and can access them later on any of my devices.","I clip selected text, web pages and links and can access them later on any of my devices.",1,1,success,label_logprob,"{""score_0"": -42.8125, ""score_1"": -42.78125}",,1,1,success,label_logprob,"{""score_0"": -42.8125, ""score_1"": -42.78125}",,1,1,success,label_logprob,"{""score_0"": -42.8125, ""score_1"": -42.78125}",
6,1,closes,closing,I have an HTC One M8 and for some reason this app opens and then closes without out any option for me to do anything.,Well for one thing your app doesn't look anything like the pictures above and for another I got to edit one photo and then the app wouldn't open and kept force closing I hate it so I removed imedently,0,0,success,label_logprob,"{""score_0"": -43.21875, ""score_1"": -43.25}",,0,0,success,label_logprob,"{""score_0"": -43.21875, ""score_1"": -43.25}",,0,0,success,label_logprob,"{""score_0"": -43.21875, ""score_1"": -43.25}",
7,0,communicate,commercia interruption,From all around the world we can communicate.,My grandchild loves to watch her shows and I can catch my favorites without commercial interruption.,1,1,success,label_logprob,"{""score_0"": -42.71875, ""score_1"": -42.625}",,1,1,success,label_logprob,"{""score_0"": -42.71875, ""score_1"": -42.625}",,1,1,success,label_logprob,"{""score_0"": -42.71875, ""score_1"": -42.625}",
8,0,communicate properly with friends,communicate properly with family,Until the problem is fixed I will be without access to Facebook and therefore unable to communicate properly with friends and family.,Until the problem is fixed I will be without access to Facebook and therefore unable to communicate properly with friends and family.,0,0,success,label_logprob,"{""score_0"": -42.75, ""score_1"": -42.78125}",,0,0,success,label_logprob,"{""score_0"": -42.75, ""score_1"": -42.78125}",,0,0,success,label_logprob,"{""score_0"": -42.75, ""score_1"": -42.78125}",
9,1,edit pics,editing photo's,its a great app to edit pics,Great Photo Editing App for editing Photo's,0,0,success,label_logprob,"{""score_0"": -42.90625, ""score_1"": -42.90625}",,0,0,success,label_logprob,"{""score_0"": -42.90625, ""score_1"": -42.90625}",,0,0,success,label_logprob,"{""score_0"": -42.90625, ""score_1"": -42.90625}",
10,0,email myself links,email myself notes,"I have Evernote apps on my Kindle Fire, iphone, ans browser at work and I'm able to email myself notes, links, etc and then open in any said mediums and since.","I have Evernote apps on my Kindle Fire, iphone, ans browser at work and I'm able to email myself notes, links, etc and then open in any said mediums and since.",0,0,success,label_logprob,"{""score_0"": -43.125, ""score_1"": -43.28125}",,0,0,success,label_logprob,"{""score_0"": -43.125, ""score_1"": -43.28125}",,0,0,success,label_logprob,"{""score_0"": -43.125, ""score_1"": -43.28125}",
11,1,find what you need,find what you want,User friendly app that loads quickly and well and is easy to navigate and find what you need.,"Excellent, very easy to find what you want and I think the &#34;films like ......&#34; that shows movies or programmes similar to the ones you've watched is a great idea.",0,0,success,label_logprob,"{""score_0"": -43.09375, ""score_1"": -43.1875}",,0,0,success,label_logprob,"{""score_0"": -43.09375, ""score_1"": -43.1875}",,0,0,success,label_logprob,"{""score_0"": -43.09375, ""score_1"": -43.1875}",
12,1,log out,logged out,I love it jus like a pc very easy to log in and out enjoy friends and meet new ones along with family and classmates.would reccomend to everyone;awesome app but first you have to log out and in but still awesome app you should get it it is great;Need to be login & log out feature for security reason or password option,The app worked generally as expected the first launch.But today it required that I log in again (why I was logged out is unknown) then crashes after a login timeout.,0,0,success,label_logprob,"{""score_0"": -42.90625, ""score_1"": -43.21875}",,0,0,success,label_logprob,"{""score_0"": -42.90625, ""score_1"": -43.21875}",,0,0,success,label_logprob,"{""score_0"": -42.90625, ""score_1"": -43.21875}",
13,0,make a file,make a note,"I can make a file for everything from my son's funny quotes, to homework and tasks, as well as make separate note files for both of my non profits.",Make a note of that.,1,1,success,label_logprob,"{""score_0"": -42.9375, ""score_1"": -42.84375}",,1,1,success,label_logprob,"{""score_0"": -42.9375, ""score_1"": -42.84375}",,1,1,success,label_logprob,"{""score_0"": -42.9375, ""score_1"": -42.84375}",
14,0,make quick note,make a note,very handy to either make quick note while out or lengthy one at home from computerwould recommend to family or friends,Make a note of that.,0,0,success,label_logprob,"{""score_0"": -42.90625, ""score_1"": -42.9375}",,0,0,success,label_logprob,"{""score_0"": -42.90625, ""score_1"": -42.9375}",,0,0,success,label_logprob,"{""score_0"": -42.90625, ""score_1"": -42.9375}",
15,0,monitor anything i have posted,monitor bids,"Runs smoothly on my Kindle and syncs with my account, therefore all my devices are updated and match.The mobile version is easy to use, I haven't posted a sale with my Kindle, but I am able to monitor anything I have posted from my phone or computer, and I can easily search and bid on items without any problems.","I did not attempt to perform any sales from the application, but I did check and monitor bids, and it was effective.;You can log into the application, view and monitor bids and create new bids.",0,0,success,label_logprob,"{""score_0"": -43.03125, ""score_1"": -43.15625}",,0,0,success,label_logprob,"{""score_0"": -43.03125, ""score_1"": -43.15625}",,0,0,success,label_logprob,"{""score_0"": -43.03125, ""score_1"": -43.15625}",
16,0,movie best seletion of tv show,movies you can watch,Has new movie best seletion of TV shows update everyday and the best thing of is I can see it any where,They are movies you can watch with the family and not be embarassed.,1,1,success,label_logprob,"{""score_0"": -42.9375, ""score_1"": -42.875}",,1,1,success,label_logprob,"{""score_0"": -42.9375, ""score_1"": -42.875}",,1,1,success,label_logprob,"{""score_0"": -42.9375, ""score_1"": -42.875}",
17,1,opened,opens,"I sat down today to continue watching my show when I opened the Netflix app, or I should say that I tried to open the app, but a connection error popped up.",Opens on silk just fine.;I have an HTC One M8 and for some reason this app opens and then closes without out any option for me to do anything.,0,0,success,label_logprob,"{""score_0"": -43.28125, ""score_1"": -43.34375}",,0,0,success,label_logprob,"{""score_0"": -43.28125, ""score_1"": -43.34375}",,0,0,success,label_logprob,"{""score_0"": -43.28125, ""score_1"": -43.34375}",
18,1,pics,picture,easy to download and use everything is there at your fingertips and the pics look awesome in HD just perfect;I have a normal phone and it made 1 of my pics look like one of a iphone 6 if u dont believe me look at my instagran account ... wings_2004,"Picture quality is great, and I am not having the issue with the border staying on the screen.;Very little loading time and great picture;Netflix is wat i recommend to all the movie lovers out there i watch movies on Netflix every day with the best picture quality ever;Sometimes the picture it's all the clear but I really like Netflix app!!",0,0,success,label_logprob,"{""score_0"": -42.96875, ""score_1"": -42.96875}",,0,0,success,label_logprob,"{""score_0"": -42.96875, ""score_1"": -42.96875}",,0,0,success,label_logprob,"{""score_0"": -42.96875, ""score_1"": -42.96875}",
19,0,play my music,play songs,After my 7 days ended I couldn't play my music,"First, you can only play songs in Shuffle play.",0,0,success,label_logprob,"{""score_0"": -42.875, ""score_1"": -42.90625}",,0,0,success,label_logprob,"{""score_0"": -42.875, ""score_1"": -42.90625}",,0,0,success,label_logprob,"{""score_0"": -42.875, ""score_1"": -42.90625}",
20,0,posts hidden,posts loading,"I like the layout of the application, but I like my applkication posts hidden once I have viewed them.",i have trouble with the posts loading.,1,1,success,label_logprob,"{""score_0"": -43.03125, ""score_1"": -42.96875}",,1,1,success,label_logprob,"{""score_0"": -43.03125, ""score_1"": -42.96875}",,1,1,success,label_logprob,"{""score_0"": -43.03125, ""score_1"": -42.96875}",
21,1,premiem,premium,I want premiem but I don't have a credit card.,"Works great for working out and premium is beyond worth it!!!!;please fix the terrible spell check for Pc and list the upgrade price in the app and I would pay for premium.;With Premium acc is good, but if you don't have Premium, app is very horrible.;Love it to bits ( Premium) but I have to restart my phone everytime;The only thing bad is atlest give unlimited skips and play when ever you want to people who don't have premium;Other than that premium is too expensive but still good app.",0,0,success,label_logprob,"{""score_0"": -42.90625, ""score_1"": -43.09375}",,0,0,success,label_logprob,"{""score_0"": -42.90625, ""score_1"": -43.09375}",,0,0,success,label_logprob,"{""score_0"": -42.90625, ""score_1"": -43.09375}",
22,1,program,programmes,I also recommend it to those who enjoy a good movie/program with a message for the good.,"Excellent, very easy to find what you want and I think the &#34;films like ......&#34; that shows movies or programmes similar to the ones you've watched is a great idea.",0,0,success,label_logprob,"{""score_0"": -42.75, ""score_1"": -42.75}",,0,0,success,label_logprob,"{""score_0"": -42.75, ""score_1"": -42.75}",,0,0,success,label_logprob,"{""score_0"": -42.75, ""score_1"": -42.75}",
23,1,respond,responding,Everytime I try to use the app it doesn't respond and I keep reporting it but nothing.;Sometimes takes too long to respond;My whatsapp suddenly doesn't respond and a box I think that says'its not responding wanna close it' appears.,alot of time it is not responding which is very frustratingI get tired waiting to be able to continue my work,0,0,success,label_logprob,"{""score_0"": -43.0, ""score_1"": -43.0625}",,0,0,success,label_logprob,"{""score_0"": -43.0, ""score_1"": -43.0625}",,0,0,success,label_logprob,"{""score_0"": -43.0, ""score_1"": -43.0625}",
24,1,sending pictures,sending images,I have so much fun with my dude n ho's sending voice messages songs videos n pictures.,the app is responsive but one problem.when sending a message to someone the plus nd smokey face Icon for sending images is their but when I press it no options for pics or stickers to send comes up.not a major problem to me although to some people probably yes.fixxxxx asap,0,0,success,label_logprob,"{""score_0"": -43.1875, ""score_1"": -43.40625}",,0,0,success,label_logprob,"{""score_0"": -43.1875, ""score_1"": -43.40625}",,0,0,success,label_logprob,"{""score_0"": -43.1875, ""score_1"": -43.40625}",
25,0,t.v.,t.v. show options,"Overall, the best area now that will give the best deals for t.v. and movies.","Almost all of the movie and t.v. show options for the adults like me with an array of action, suspense, and at rare occasions the horror movie fix option is always there, too.",0,0,success,label_logprob,"{""score_0"": -42.96875, ""score_1"": -43.03125}",,0,0,success,label_logprob,"{""score_0"": -42.96875, ""score_1"": -43.03125}",,0,0,success,label_logprob,"{""score_0"": -42.96875, ""score_1"": -43.03125}",
26,1,tv series options,tv show selections,Very convenient can use it on my kindleEnjoy the tv series options .,I do love the price and the TV show selections.,0,0,success,label_logprob,"{""score_0"": -42.71875, ""score_1"": -42.78125}",,0,0,success,label_logprob,"{""score_0"": -42.71875, ""score_1"": -42.78125}",,0,0,success,label_logprob,"{""score_0"": -42.71875, ""score_1"": -42.78125}",
27,0,updates,upgrade,"Constantly wants to update but updates fail.;I loved the Spotify app until the recent updates.;I like listening to the music on here but I am getting upset about the updates and problems that app is having.;...but with the constant updates, now it just crashes.;For all the updates, it's not getting better, just slowing down and offering less functionality...;I did love this app but now since the last two updates it keeps shutting down whenever I open up another app.;This application used to work - now with last 3 &#34;updates&#34; it will not connect to the network.;Frustrating it updates so often & only vague descriptions of what is in the updates.;With the new update it doesn't have the thing at the bottom that shows the album artwork.;Its a bit processor heavy but the updates are tweaking it into place (hopefully).;Yes this is a nice app but come on, I mean, it updates every day or two and the update is just """"bugs fixed"""" I'm sick and tired of that.;Though this is the full Facebook app, it tends to lag behind in updates.;Frustrating it updates so often & only vague descriptions of what is in the updates.;I have the same problem on two different phones, even after several updates to the app.No matter what I do with the notifications, they never stop.","They embedded a volume bar into the app which is a nice upgrade.;the lack of availability on streaming doesn't make me want to upgrade, it just pisses me off.",0,0,success,label_logprob,"{""score_0"": -43.375, ""score_1"": -43.4375}",,0,0,success,label_logprob,"{""score_0"": -43.375, ""score_1"": -43.4375}",,0,0,success,label_logprob,"{""score_0"": -43.375, ""score_1"": -43.4375}",
28,0,violence,violent movies,I enjoy comedy and mystery but not as much violence.,I like Netflix but I wish they would submit less violent movies.,1,1,success,label_logprob,"{""score_0"": -42.9375, ""score_1"": -42.84375}",,1,1,success,label_logprob,"{""score_0"": -42.9375, ""score_1"": -42.84375}",,1,1,success,label_logprob,"{""score_0"": -42.9375, ""score_1"": -42.84375}",
29,0,watch a movie,watch all my.movies,"everytime I decide to watch a movie, I can't find it on Netflix.;Anytime i want to catch a breather from my work on campus I pull out my kindle and watch a few tv shows or a movie.",i love netflex it is.awesome it works VERY well i love.it i watch all my.movies.nd.shows on this.its better than red box or hulu but tht is my opinion,0,0,success,label_logprob,"{""score_0"": -42.78125, ""score_1"": -42.875}",,0,0,success,label_logprob,"{""score_0"": -42.78125, ""score_1"": -42.875}",,0,0,success,label_logprob,"{""score_0"": -42.78125, ""score_1"": -42.875}",
30,1,watch shows,watch some shows,i love netflex it is.awesome it works VERY well i love.it i watch all my.movies.nd.shows on this.its better than red box or hulu but tht is my opinion,"Recently, I have been bringing my Fire to work so I can watch some shows while on my lunch break.",0,0,success,label_logprob,"{""score_0"": -42.90625, ""score_1"": -43.09375}",,0,0,success,label_logprob,"{""score_0"": -42.90625, ""score_1"": -43.09375}",,0,0,success,label_logprob,"{""score_0"": -42.90625, ""score_1"": -43.09375}",
31,0,webpages,websites,"Evernote has exceptional file and information handling capabilities and allows you to capture, store and share not just notes but photos, webpages, freehand drawings and graphics, and pretty much anything you want.","I just use this for everything: grocery lists, recipes, websites, schedules, story writing, class notes, ect.",0,0,success,label_logprob,"{""score_0"": -43.0, ""score_1"": -43.15625}",,0,0,success,label_logprob,"{""score_0"": -43.0, ""score_1"": -43.15625}",,0,0,success,label_logprob,"{""score_0"": -43.0, ""score_1"": -43.15625}",
32,1,shuffle play,shuffle playing,"First, you can only play songs in Shuffle play.",Tired of shuffle playing,1,1,success,label_logprob,"{""score_0"": -43.09375, ""score_1"": -42.96875}",,1,1,success,label_logprob,"{""score_0"": -43.09375, ""score_1"": -42.96875}",,1,1,success,label_logprob,"{""score_0"": -43.09375, ""score_1"": -42.96875}",
33,1,shutting down,shutting it down,I did love this app but now since the last two updates it keeps shutting down whenever I open up another app.,"Every once in a while, I have issues getting this to load on my kindle; shutting it down and restarting does not fix the problem.",0,0,success,label_logprob,"{""score_0"": -43.15625, ""score_1"": -43.15625}",,0,0,success,label_logprob,"{""score_0"": -43.15625, ""score_1"": -43.15625}",,0,0,success,label_logprob,"{""score_0"": -43.15625, ""score_1"": -43.15625}",
34,0,sign,sign in,It is a separate download but once its downloaded you can click the link let you sign or draw onto your notes.,Online if your not a member you can just pay for ur itemAnd then who ever ships to u like your a member the app doesn't give you a choice it makes u sign inSo I was going to purchase something off my kindle but instead had to go find it on eBay on the computer because I wasn't a member,0,0,success,label_logprob,"{""score_0"": -43.0625, ""score_1"": -43.15625}",,0,0,success,label_logprob,"{""score_0"": -43.0625, ""score_1"": -43.15625}",,0,0,success,label_logprob,"{""score_0"": -43.0625, ""score_1"": -43.15625}",
35,1,skip,skip to a certain part of the songs,"But then, you end up listening soley to 'Suggested Songs' and won't let you skip more than a couple, so you're stuck listening to Bubblegum pop instead of the Classical music you wanted to listen to.",You can't skip to a certain part of the songs and you have to change songs manually.,0,0,success,label_logprob,"{""score_0"": -43.0, ""score_1"": -43.0625}",,0,0,success,label_logprob,"{""score_0"": -43.0, ""score_1"": -43.0625}",,0,0,success,label_logprob,"{""score_0"": -43.0, ""score_1"": -43.0625}",
36,1,song,songs,It was all right but after like 30 days asked me to buy premium pack after every song ??,One of the songs by artist MariKKKopa was clearly hateful angry racist ranting.;Still needs updating with.more songs/artists bit other than that it's great!,0,0,success,label_logprob,"{""score_0"": -43.125, ""score_1"": -43.25}",,0,0,success,label_logprob,"{""score_0"": -43.125, ""score_1"": -43.25}",,0,0,success,label_logprob,"{""score_0"": -43.125, ""score_1"": -43.25}",
37,0,start screen,start watching,You may consider upgrading if archiving large quantities of PDFs and Pictures is your goal.On the Kindle Fire this apps start screen is a little redundant.,It's nice to be able to start watching on my Kindle something I stopped watching on my TV.,0,0,success,label_logprob,"{""score_0"": -42.59375, ""score_1"": -42.6875}",,0,0,success,label_logprob,"{""score_0"": -42.59375, ""score_1"": -42.6875}",,0,0,success,label_logprob,"{""score_0"": -42.59375, ""score_1"": -42.6875}",
38,0,storing interesting quotes,store my thoughts,"I use this app pretty much everyday for storing interesting quotes, or jotting down ideas.",I can easily store and organize my thoughts in ways I never imagined.,1,1,success,label_logprob,"{""score_0"": -43.03125, ""score_1"": -42.9375}",,1,1,success,label_logprob,"{""score_0"": -43.03125, ""score_1"": -42.9375}",,1,1,success,label_logprob,"{""score_0"": -43.03125, ""score_1"": -42.9375}",
39,0,streaming free shows,streaming plan,"I haven't really used this yet, I have been just streaming free shows and movies from my kindle fire.",i am constantly frustrated by the lack of material available on the streaming plan... ESPECIALLY when it says that the disc is availablce!,1,1,success,label_logprob,"{""score_0"": -43.09375, ""score_1"": -43.0625}",,1,1,success,label_logprob,"{""score_0"": -43.09375, ""score_1"": -43.0625}",,1,1,success,label_logprob,"{""score_0"": -43.09375, ""score_1"": -43.0625}",
40,0,sync,sync issues with audio,"This app is great, compatible with so many programs, great sharing options and the sync has never failed me between my PC, GS3, Kindle Fire and Notebook!;I love this app including the PC version and I especially love the easy sync.;sync feature really convenient.;use it for school assignments on the go and sync and save often.",sync issues with audio and severe video lag.,0,0,success,label_logprob,"{""score_0"": -42.875, ""score_1"": -43.0625}",,0,0,success,label_logprob,"{""score_0"": -42.875, ""score_1"": -43.0625}",,0,0,success,label_logprob,"{""score_0"": -42.875, ""score_1"": -43.0625}",
41,1,synch,synching,"What's more, its cloud interface allows seamless synch.",Good enough synching which is why I needed it in the first place.,0,0,success,label_logprob,"{""score_0"": -42.78125, ""score_1"": -42.78125}",,0,0,success,label_logprob,"{""score_0"": -42.78125, ""score_1"": -42.78125}",,0,0,success,label_logprob,"{""score_0"": -42.78125, ""score_1"": -42.78125}",
42,0,watch whatever netflix offers,watch what they want,"If you have a Netflix account, you've gotta get this app, It is free, and you can watch whatever Netflix offers wherever you happen to be.","My kids have all but given up on watching television, as they can watch what they want when they want on Netflix.",0,0,success,label_logprob,"{""score_0"": -42.71875, ""score_1"": -42.78125}",,0,0,success,label_logprob,"{""score_0"": -42.71875, ""score_1"": -42.78125}",,0,0,success,label_logprob,"{""score_0"": -42.71875, ""score_1"": -42.78125}",
43,0,watching,watching a movie,"I love that I can stream movies and certain tv shows when I feel like watching them.;But Netflix currently has an audio sync problem that makes watching anything extremely difficult.;If one of my children aren't watching something on their Kindle Fires with Netflix, then my husband or I are.",Watching a movie is blurry for a while and clears up most of the time.,0,0,success,label_logprob,"{""score_0"": -43.03125, ""score_1"": -43.09375}",,0,0,success,label_logprob,"{""score_0"": -43.03125, ""score_1"": -43.09375}",,0,0,success,label_logprob,"{""score_0"": -43.03125, ""score_1"": -43.09375}",
44,1,watching my show,watching old tv shows,"I sat down today to continue watching my show when I opened the Netflix app, or I should say that I tried to open the app, but a connection error popped up.","I spend a lot of time watching movies or old tv shows, so any type of movie/tv app rocks for me.",0,0,success,label_logprob,"{""score_0"": -43.03125, ""score_1"": -43.15625}",,0,0,success,label_logprob,"{""score_0"": -43.03125, ""score_1"": -43.15625}",,0,0,success,label_logprob,"{""score_0"": -43.03125, ""score_1"": -43.15625}",
45,0,webpages,websites,"Evernote has exceptional file and information handling capabilities and allows you to capture, store and share not just notes but photos, webpages, freehand drawings and graphics, and pretty much anything you want.","I just use this for everything: grocery lists, recipes, websites, schedules, story writing, class notes, ect.",0,0,success,label_logprob,"{""score_0"": -43.0, ""score_1"": -43.15625}",,0,0,success,label_logprob,"{""score_0"": -43.0, ""score_1"": -43.15625}",,0,0,success,label_logprob,"{""score_0"": -43.0, ""score_1"": -43.15625}",
46,0,hook up with family,hook up with friends,Let me hook up with family and friends.,Let me hook up with family and friends.,1,1,success,label_logprob,"{""score_0"": -43.15625, ""score_1"": -43.0625}",,1,1,success,label_logprob,"{""score_0"": -43.15625, ""score_1"": -43.0625}",,1,1,success,label_logprob,"{""score_0"": -43.15625, ""score_1"": -43.0625}",
47,0,idea pad for screenplays,idea pad for songs,I like that this can act as my idea pad for songs and screenplays.,I like that this can act as my idea pad for songs and screenplays.,0,0,success,label_logprob,"{""score_0"": -43.09375, ""score_1"": -43.09375}",,0,0,success,label_logprob,"{""score_0"": -43.09375, ""score_1"": -43.09375}",,0,0,success,label_logprob,"{""score_0"": -43.09375, ""score_1"": -43.09375}",
48,0,listen whatever music i want,listen to whatever i want,Love the fact I can listen to whThis app really awesome i can listen whatever music i want!atever I want ANY time.....Update.,Love the fact I can listen to whatever I want ANY time.....Update.,0,0,success,label_logprob,"{""score_0"": -42.6875, ""score_1"": -42.90625}",,0,0,success,label_logprob,"{""score_0"": -42.6875, ""score_1"": -42.90625}",,0,0,success,label_logprob,"{""score_0"": -42.6875, ""score_1"": -42.90625}",
49,0,load as blue text,load it up will all sorts of personal information,After the first 10 or so posts the rest just load as blue text without pictures and it doesn't change after refresh.,"I found the app to be too invasive in that it wants you to load it up will all sorts of personal information on all of your devices that it will then share with, seemingly, anyone who wants it.",0,0,success,label_logprob,"{""score_0"": -43.125, ""score_1"": -43.28125}",,0,0,success,label_logprob,"{""score_0"": -43.125, ""score_1"": -43.28125}",,0,0,success,label_logprob,"{""score_0"": -43.125, ""score_1"": -43.28125}",
50,0,messaging,messenger,Missing functionality in messaging &amp; events.;Great Messaging and Great Images Sharing,I think messenger is included for quasi private emails.,0,0,success,label_logprob,"{""score_0"": -42.75, ""score_1"": -42.78125}",,0,0,success,label_logprob,"{""score_0"": -42.75, ""score_1"": -42.78125}",,0,0,success,label_logprob,"{""score_0"": -42.75, ""score_1"": -42.78125}",
51,1,naviagte,naviagte,it is easy to naviagte and it feels like you are online at home,"So much easier to navigate than Amazon.;User friendly app that loads quickly and well and is easy to navigate and find what you need.;The app is a lot friendlier than the site, and easy to navigate and keep track of my bids.;Great way to navigate eBay on my Kindle Fire HD.;Easy to navigate and loads quickly.;It's very easy to use and easy to navigate.;This app is easy to navigate and a joy to use!!",0,0,success,label_logprob,"{""score_0"": -43.1875, ""score_1"": -43.4375}",,0,0,success,label_logprob,"{""score_0"": -43.1875, ""score_1"": -43.4375}",,0,0,success,label_logprob,"{""score_0"": -43.1875, ""score_1"": -43.4375}",
52,0,news feed,news feed stories,"This doesn't happen on my news feed but does on groups and pages.;The full news feed and peoples time lines will not load all the way.;Cannot see entire photo album from news feed.;as others have said, it only loads the first few posts in the news feed.;I can only access the latest 6 news feed entries at any one time.","However, this app still retains a lot of the features that I use most often; for example, event info, news feed stories, photo album viewing, videos, etc.",0,0,success,label_logprob,"{""score_0"": -43.0, ""score_1"": -43.1875}",,0,0,success,label_logprob,"{""score_0"": -43.0, ""score_1"": -43.1875}",,0,0,success,label_logprob,"{""score_0"": -43.0, ""score_1"": -43.1875}",
53,0,note takers,note taking,I recommend this for note takers takers everywhere!!,It is great for note taking or outlining a paper.;a wonderful application for note taking and the layout even better;I started working with Evernote last year when looking for a note taking program to organize my class notes.;I use Evernote for all my note taking needs and general memory practice.,0,0,success,label_logprob,"{""score_0"": -42.90625, ""score_1"": -43.125}",,0,0,success,label_logprob,"{""score_0"": -42.90625, ""score_1"": -43.125}",,0,0,success,label_logprob,"{""score_0"": -42.90625, ""score_1"": -43.125}",
54,0,old shows,older movies,"AND EVEN OLD SHOWS THAT I LOVED YEARS AGO, LIKE QUINCY!",To many older movies all the time.,1,1,success,label_logprob,"{""score_0"": -42.84375, ""score_1"": -42.8125}",,1,1,success,label_logprob,"{""score_0"": -42.84375, ""score_1"": -42.8125}",,1,1,success,label_logprob,"{""score_0"": -42.84375, ""score_1"": -42.8125}",
55,1,opened,opens,"I sat down today to continue watching my show when I opened the Netflix app, or I should say that I tried to open the app, but a connection error popped up.",Opens on silk just fine.;I have an HTC One M8 and for some reason this app opens and then closes without out any option for me to do anything.,0,0,success,label_logprob,"{""score_0"": -43.28125, ""score_1"": -43.34375}",,0,0,success,label_logprob,"{""score_0"": -43.28125, ""score_1"": -43.34375}",,0,0,success,label_logprob,"{""score_0"": -43.28125, ""score_1"": -43.34375}",
56,0,organize scanned note,organize them in notebooks,"I needed something that could at least reasonably organize scanned note from classes like Calculus and Gen Chem, where notes cant be taken on the computer reasonably.","i can access my notes from my other computers, organize them in notebooks and tags and add web content and other attachments that make this app an excellent addition to any computer, tablet, or phone.",0,0,success,label_logprob,"{""score_0"": -43.09375, ""score_1"": -43.09375}",,0,0,success,label_logprob,"{""score_0"": -43.09375, ""score_1"": -43.09375}",,0,0,success,label_logprob,"{""score_0"": -43.09375, ""score_1"": -43.09375}",
57,1,payment,payments,"Then I ran into a problem when I tried to buy something, my payment got hung up, could not make my purchase.","It's easy to navigate through the different pages or selling, sold, payments, et cetera.",1,1,success,label_logprob,"{""score_0"": -42.71875, ""score_1"": -42.625}",,1,1,success,label_logprob,"{""score_0"": -42.71875, ""score_1"": -42.625}",,1,1,success,label_logprob,"{""score_0"": -42.71875, ""score_1"": -42.625}",
58,1,photo editor,photos editer,A powerful photo editor with many wonderfull effects;Best photo editor i have seen,This app is very good for photos editer,0,0,success,label_logprob,"{""score_0"": -42.8125, ""score_1"": -42.8125}",,0,0,success,label_logprob,"{""score_0"": -42.8125, ""score_1"": -42.8125}",,0,0,success,label_logprob,"{""score_0"": -42.8125, ""score_1"": -42.8125}",
59,1,post photos,post some photos,on my kindle fire this is the only way I have to post photos on facebook now since facebooks last stupid change to their uploading.,I post some photos last night and when i browse it now i cant see it.,0,0,success,label_logprob,"{""score_0"": -42.96875, ""score_1"": -42.96875}",,0,0,success,label_logprob,"{""score_0"": -42.96875, ""score_1"": -42.96875}",,0,0,success,label_logprob,"{""score_0"": -42.96875, ""score_1"": -42.96875}",
60,0,profile management,profile page,"I llike the new profile management, but I it needs to be expanded to provide better parental controls.",There is this annoying bug where I can't reach some half of my tweets on my profile page.,1,1,success,label_logprob,"{""score_0"": -42.875, ""score_1"": -42.6875}",,1,1,success,label_logprob,"{""score_0"": -42.875, ""score_1"": -42.6875}",,1,1,success,label_logprob,"{""score_0"": -42.875, ""score_1"": -42.6875}",
61,0,protect posting,protect the sharing,The site does not have enough privacy protection -- I do not want the entire world to know (my personal information or what I share with my friends) -- only my friends ---- plus I do not like the options that protect the sharing and posting functions -- options need to have conditions such as only with my friends or open to all.,The site does not have enough privacy protection -- I do not want the entire world to know (my personal information or what I share with my friends) -- only my friends ---- plus I do not like the options that protect the sharing and posting functions -- options need to have conditions such as only with my friends or open to all.,0,0,success,label_logprob,"{""score_0"": -42.5625, ""score_1"": -42.65625}",,0,0,success,label_logprob,"{""score_0"": -42.5625, ""score_1"": -42.65625}",,0,0,success,label_logprob,"{""score_0"": -42.5625, ""score_1"": -42.65625}",
62,1,reinstalled,reinstalling,"I have been a subscriber to the premium service for over a year now and had the free service for a year prior to that I am getting very frustrated, I have uninstalled and reinstalled several times the problem is getting worse!;I have deleted the a pop and reinstalled it several times.",When I open the app it keeps reinstalling itself over and over again please fix it today it's going to make the masses hate you if you dont;And I uninstalled it but it keeps reinstalling itself.;The app has crashed and after reinstalling it is not allowing me to register againg.;its a really cool app most of the time but I hats when it wont load so I uninstalles it with the plans of reinstalling it to see if it could get off the title page but now I cant reinstall it for whatever reason and it makes me really mad :l so then I try to search it on the appstore since it wont let me reinstall it on the homepage that dosen't work either ANDNOWIWANTTOSCREAMIHATETHISIHATETHISTHATETHISBUTIREALLWISHITWOUKDWORK,1,1,success,label_logprob,"{""score_0"": -43.40625, ""score_1"": -43.34375}",,1,1,success,label_logprob,"{""score_0"": -43.40625, ""score_1"": -43.34375}",,1,1,success,label_logprob,"{""score_0"": -43.40625, ""score_1"": -43.34375}",
63,0,save recipes,save online,I use it in tandem with Pulse to save recipes.,Anything you need to save online and/or add notes to comes together perfectly in this app.,1,1,success,label_logprob,"{""score_0"": -42.6875, ""score_1"": -42.625}",,1,1,success,label_logprob,"{""score_0"": -42.6875, ""score_1"": -42.625}",,1,1,success,label_logprob,"{""score_0"": -42.6875, ""score_1"": -42.625}",
64,0,share,share with my friends,"I found the app to be too invasive in that it wants you to load it up will all sorts of personal information on all of your devices that it will then share with, seemingly, anyone who wants it.;It's nice to share and update.;i have several and can share with the wife instantly.;Evernote has exceptional file and information handling capabilities and allows you to capture, store and share not just notes but photos, webpages, freehand drawings and graphics, and pretty much anything you want.;I Highly recommend this app for anyone who needs to list, note, share or do just about anything else it offers!;I've used Evernote for quite awhile to take notes on my Android tablet and be able to share and edit them on any PC with a web browser.",The site does not have enough privacy protection -- I do not want the entire world to know (my personal information or what I share with my friends) -- only my friends ---- plus I do not like the options that protect the sharing and posting functions -- options need to have conditions such as only with my friends or open to all.,0,0,success,label_logprob,"{""score_0"": -42.9375, ""score_1"": -43.0}",,0,0,success,label_logprob,"{""score_0"": -42.9375, ""score_1"": -43.0}",,0,0,success,label_logprob,"{""score_0"": -42.9375, ""score_1"": -43.0}",
65,1,stay in touch,stay in touch with,It's not exactly the same as playing on your home computer but you are able to stay in touch.,Facebook helps you keep in touch with friends that otherwise would be literally impossible to stay in touch with.,1,1,success,label_logprob,"{""score_0"": -42.78125, ""score_1"": -42.6875}",,1,1,success,label_logprob,"{""score_0"": -42.78125, ""score_1"": -42.6875}",,1,1,success,label_logprob,"{""score_0"": -42.78125, ""score_1"": -42.6875}",
66,1,synchronizing across platforms,synchs across all my devices,"I like synchronizing across platforms, especially.",I love the fact that it synchs across all my devices automatically.,1,1,success,label_logprob,"{""score_0"": -42.84375, ""score_1"": -42.8125}",,1,1,success,label_logprob,"{""score_0"": -42.84375, ""score_1"": -42.8125}",,1,1,success,label_logprob,"{""score_0"": -42.84375, ""score_1"": -42.8125}",
67,1,time lines,timeline,The full news feed and peoples time lines will not load all the way.,Timeline keeps jumping to the top and hours of tweets get lost.,0,0,success,label_logprob,"{""score_0"": -42.71875, ""score_1"": -42.71875}",,0,0,success,label_logprob,"{""score_0"": -42.71875, ""score_1"": -42.71875}",,0,0,success,label_logprob,"{""score_0"": -42.71875, ""score_1"": -42.71875}",
68,0,type,type it in a bar,"At some point, you will type something that contains a friend or liked interest and you will not be able to type what you intended to.","On Netflix, there is a list of what I've watched recently plus I can just type it in a bar and it comes up if they have it.",0,0,success,label_logprob,"{""score_0"": -42.96875, ""score_1"": -43.0}",,0,0,success,label_logprob,"{""score_0"": -42.96875, ""score_1"": -43.0}",,0,0,success,label_logprob,"{""score_0"": -42.96875, ""score_1"": -43.0}",
69,0,unlike someone,likes,They forgot to let you unlike someone so please fix.,"Is this true that the updated version of whatsapp will provide us video calling n likes & comments features???;I do wish there was a better(any) alert system like on your iPhone for when you get new alerts(comments, likes, messages).",0,0,success,label_logprob,"{""score_0"": -42.84375, ""score_1"": -42.84375}",,0,0,success,label_logprob,"{""score_0"": -42.84375, ""score_1"": -42.84375}",,0,0,success,label_logprob,"{""score_0"": -42.84375, ""score_1"": -42.84375}",
70,0,update the latest version,upgrade,I can't update the latest version what the hell?!,"They embedded a volume bar into the app which is a nice upgrade.;the lack of availability on streaming doesn't make me want to upgrade, it just pisses me off.",0,0,success,label_logprob,"{""score_0"": -42.65625, ""score_1"": -42.6875}",,0,0,success,label_logprob,"{""score_0"": -42.65625, ""score_1"": -42.6875}",,0,0,success,label_logprob,"{""score_0"": -42.65625, ""score_1"": -42.6875}",
71,0,video stream,videos load,"Video stream was very good and at my home DSL wireless,as good as a Dvd player.the bottom tool bar get minimized and it is not annoying at all.Overall a good app for netflix movies.",The videos load very fast and look good!,0,0,success,label_logprob,"{""score_0"": -42.8125, ""score_1"": -42.84375}",,0,0,success,label_logprob,"{""score_0"": -42.8125, ""score_1"": -42.84375}",,0,0,success,label_logprob,"{""score_0"": -42.8125, ""score_1"": -42.84375}",
72,1,view my own timeline,view your timeline,even can't view my own timeline,The Facebook app most recent update forces you to view your timeline in Top Stories format.;You no longer have the option to view your timeline in Most Recent order.,1,1,success,label_logprob,"{""score_0"": -42.5625, ""score_1"": -42.5}",,1,1,success,label_logprob,"{""score_0"": -42.5625, ""score_1"": -42.5}",,1,1,success,label_logprob,"{""score_0"": -42.5625, ""score_1"": -42.5}",
73,0,watching my friends,watching my show,Love watching my family and friends out of state,"I sat down today to continue watching my show when I opened the Netflix app, or I should say that I tried to open the app, but a connection error popped up.",1,1,success,label_logprob,"{""score_0"": -43.0625, ""score_1"": -42.96875}",,1,1,success,label_logprob,"{""score_0"": -43.0625, ""score_1"": -42.96875}",,1,1,success,label_logprob,"{""score_0"": -43.0625, ""score_1"": -42.96875}",
74,0,get past login,log in,"I have used this app for most of the year, but as of yesterday I have not been able to get past login blue screen.","awesome app but first you have to log out and in but still awesome app you should get it it is great;The app worked generally as expected the first launch.But today it required that I log in again (why I was logged out is unknown) then crashes after a login timeout.;When I'm trying to log in with facebook a message appears with: I tried to log in from another county ?? please, give me support;The app won't let me log in.;I love it jus like a pc very easy to log in and out enjoy friends and meet new ones along with family and classmates.would reccomend to everyone;Log in easy, search easy.",0,0,success,label_logprob,"{""score_0"": -43.03125, ""score_1"": -43.28125}",,0,0,success,label_logprob,"{""score_0"": -43.03125, ""score_1"": -43.28125}",,0,0,success,label_logprob,"{""score_0"": -43.03125, ""score_1"": -43.28125}",
75,1,look at pictures,view pictures,"Won't load people's pages, freezes when I try to watch a video, I have to force close the app when I look at pictures, and news feed doesn't lead.",I can also view pictures of family and friends.,0,0,success,label_logprob,"{""score_0"": -43.125, ""score_1"": -43.15625}",,0,0,success,label_logprob,"{""score_0"": -43.125, ""score_1"": -43.15625}",,0,0,success,label_logprob,"{""score_0"": -43.125, ""score_1"": -43.15625}",
76,0,found many friends,found relatives,i picked 5 stars because facebook is the best.i have found many friends and relatives i havent seen in years.how can you beat that.i am hook on facebook.should have been on it sooner.,i picked 5 stars because facebook is the best.i have found many friends and relatives i havent seen in years.how can you beat that.i am hook on facebook.should have been on it sooner.,0,0,success,label_logprob,"{""score_0"": -42.875, ""score_1"": -43.125}",,0,0,success,label_logprob,"{""score_0"": -42.875, ""score_1"": -43.125}",,0,0,success,label_logprob,"{""score_0"": -42.875, ""score_1"": -43.125}",
77,1,listen to music,listen to my 80's music,Have to restart my phone to listen to music again;The app is constantly telling me I am offline when I have Internet to be able to listen to music.;So cool have to listen to music;All you just do is listen to music.;When I sleep I live to listen to music and it would be better if a timer was added.;The app tells me it is offline when I try to listen to music on my network data connection.,I was able to find all the old albums I used to have and listen to my 80's music again.,0,0,success,label_logprob,"{""score_0"": -42.84375, ""score_1"": -42.96875}",,0,0,success,label_logprob,"{""score_0"": -42.84375, ""score_1"": -42.96875}",,0,0,success,label_logprob,"{""score_0"": -42.84375, ""score_1"": -42.96875}",
78,0,listen to whatever i want,listen whatever music i want,Love the fact I can listen to whatever I want ANY time.....Update.,This app really awesome i can listen whatever music i want!,1,1,success,label_logprob,"{""score_0"": -42.84375, ""score_1"": -42.8125}",,1,1,success,label_logprob,"{""score_0"": -42.84375, ""score_1"": -42.8125}",,1,1,success,label_logprob,"{""score_0"": -42.84375, ""score_1"": -42.8125}",
79,0,have access,have access to my business,I was looking for and quick and easy way to write on my kindle and have access to it everywhere.,I like being on the run and still have access to my business.,1,1,success,label_logprob,"{""score_0"": -43.15625, ""score_1"": -43.0625}",,1,1,success,label_logprob,"{""score_0"": -43.15625, ""score_1"": -43.0625}",,1,1,success,label_logprob,"{""score_0"": -43.15625, ""score_1"": -43.0625}",
80,0,contact won't show up,contact with my family,But then the contact won't show up in Whatsapp unless u add +91.,This application is good for adult and teens it was download by my nice but my kids don't have a password but is good for mammy I got my Facebook and its great to be in contact with my family,0,0,success,label_logprob,"{""score_0"": -43.1875, ""score_1"": -43.3125}",,0,0,success,label_logprob,"{""score_0"": -43.1875, ""score_1"": -43.3125}",,0,0,success,label_logprob,"{""score_0"": -43.1875, ""score_1"": -43.3125}",
81,0,choose my evening movies,choose shows from the menu,I can choose my evening movies while away from my TV.,You can choose shows from the menu and netflix tries to predict what shows you will like based on previous ratings.,1,1,success,label_logprob,"{""score_0"": -42.90625, ""score_1"": -42.75}",,1,1,success,label_logprob,"{""score_0"": -42.90625, ""score_1"": -42.75}",,1,1,success,label_logprob,"{""score_0"": -42.90625, ""score_1"": -42.75}",
82,1,take photo,take pictures,Able to take r add to photo love it!,"With add-ons like Skitch, I can take pictures of things that inspire my art and make notations right in the image, then Evernote once again makes sure all my devices have a copy.",1,1,success,label_logprob,"{""score_0"": -42.8125, ""score_1"": -42.78125}",,1,1,success,label_logprob,"{""score_0"": -42.8125, ""score_1"": -42.78125}",,1,1,success,label_logprob,"{""score_0"": -42.8125, ""score_1"": -42.78125}",
83,0,type up my homework,type something,I use this when I don't have access to my computer to type up my homework.,"At some point, you will type something that contains a friend or liked interest and you will not be able to type what you intended to.",0,0,success,label_logprob,"{""score_0"": -42.84375, ""score_1"": -42.84375}",,0,0,success,label_logprob,"{""score_0"": -42.84375, ""score_1"": -42.84375}",,0,0,success,label_logprob,"{""score_0"": -42.84375, ""score_1"": -42.84375}",
84,1,ui,user interface,"The easy to use UI and cross platform syncing and integration is what puts this app above the rest.;Good but previous versions UI was better ...;The slimmed down UI makes it very easy to bid, buy and get notified!",This app fulfills every promise it makes and has a convenient user interface that is similar to the actual Netflix website.;its easy to use and has a good user interface.,0,0,success,label_logprob,"{""score_0"": -42.6875, ""score_1"": -43.0}",,0,0,success,label_logprob,"{""score_0"": -42.6875, ""score_1"": -43.0}",,0,0,success,label_logprob,"{""score_0"": -42.6875, ""score_1"": -43.0}",
85,0,takes you to a web page,webpages,"When something is posted that has a link and you click on it, it takes you to a Web page, but there's no way to get back to Facebook without hitting home and going back to the app.","Evernote has exceptional file and information handling capabilities and allows you to capture, store and share not just notes but photos, webpages, freehand drawings and graphics, and pretty much anything you want.",0,0,success,label_logprob,"{""score_0"": -43.0, ""score_1"": -43.09375}",,0,0,success,label_logprob,"{""score_0"": -43.0, ""score_1"": -43.09375}",,0,0,success,label_logprob,"{""score_0"": -43.0, ""score_1"": -43.09375}",
86,0,customer ratings,rate movies,What the best part is the customer ratings that a video store never was able to provide as well as the Netflix option to rate movies and then have recommended films and shows for the future entertainment.,What the best part is the customer ratings that a video store never was able to provide as well as the Netflix option to rate movies and then have recommended films and shows for the future entertainment.,0,0,success,label_logprob,"{""score_0"": -43.15625, ""score_1"": -43.375}",,0,0,success,label_logprob,"{""score_0"": -43.15625, ""score_1"": -43.375}",,0,0,success,label_logprob,"{""score_0"": -43.15625, ""score_1"": -43.375}",
87,1,premium user,premium acc,The interface has been well redesigned to make working with it more intuitive albeit a little bit chunkier.As a premium user I take advantage of the extra space in very creative ways.,"With Premium acc is good, but if you don't have Premium, app is very horrible.",0,0,success,label_logprob,"{""score_0"": -43.0, ""score_1"": -43.0625}",,0,0,success,label_logprob,"{""score_0"": -43.0, ""score_1"": -43.0625}",,0,0,success,label_logprob,"{""score_0"": -43.0, ""score_1"": -43.0625}",
88,0,pay on the spot,pay for ur item,"Gets the simple jobs done, able to select and pay on the spot pretty happy with this app what else can i say?",Online if your not a member you can just pay for ur itemAnd then who ever ships to u like your a member the app doesn't give you a choice it makes u sign inSo I was going to purchase something off my kindle but instead had to go find it on eBay on the computer because I wasn't a member,0,0,success,label_logprob,"{""score_0"": -43.15625, ""score_1"": -43.3125}",,0,0,success,label_logprob,"{""score_0"": -43.15625, ""score_1"": -43.3125}",,0,0,success,label_logprob,"{""score_0"": -43.15625, ""score_1"": -43.3125}",
89,0,modify your notes,import notes,The premium edition allows your friends to access and modify your notes and so offers group collaboration capabilities.Another area Evernote excels in is the sheer number and diversity of its companion apps.,"Works amazingly, along with Skitch, but I wish there was a way to import notes into a type of presentation app.",0,0,success,label_logprob,"{""score_0"": -42.78125, ""score_1"": -42.9375}",,0,0,success,label_logprob,"{""score_0"": -42.78125, ""score_1"": -42.9375}",,0,0,success,label_logprob,"{""score_0"": -42.78125, ""score_1"": -42.9375}",
90,0,timer,sleep timer,This app is great In all but please add a timer or sleep timer.;When I sleep I live to listen to music and it would be better if a timer was added.,This app is great In all but please add a timer or sleep timer.,0,0,success,label_logprob,"{""score_0"": -42.6875, ""score_1"": -42.78125}",,0,0,success,label_logprob,"{""score_0"": -42.6875, ""score_1"": -42.78125}",,0,0,success,label_logprob,"{""score_0"": -42.6875, ""score_1"": -42.78125}",
91,0,tweet,start a tweet,Love twitter and the app is amazing can check it whenever I am and also tweet on the go :-D;The app is fine as long as I don't want to tweet anything.;I uninstall it and install it many times but i can't tweet or re-tweet,Also the area to start a tweet is small so sometimes I accidentally press on the tweet in front of it and it is annoying.,0,0,success,label_logprob,"{""score_0"": -42.65625, ""score_1"": -42.875}",,0,0,success,label_logprob,"{""score_0"": -42.65625, ""score_1"": -42.875}",,0,0,success,label_logprob,"{""score_0"": -42.65625, ""score_1"": -42.875}",
92,0,biographies,documentaries,"One can choose from documentaries, TV shows both old and current, movies and biographies.","One can choose from documentaries, TV shows both old and current, movies and biographies.",1,1,success,label_logprob,"{""score_0"": -43.0, ""score_1"": -42.9375}",,1,1,success,label_logprob,"{""score_0"": -43.0, ""score_1"": -42.9375}",,1,1,success,label_logprob,"{""score_0"": -43.0, ""score_1"": -42.9375}",
93,0,smokey face icon,stickers,the app is responsive but one problem.when sending a message to someone the plus nd smokey face Icon for sending images is their but when I press it no options for pics or stickers to send comes up.not a major problem to me although to some people probably yes.fixxxxx asap,plz add stickers also like hike.;You have to pay for stickers really;Please Improve Stickers,0,0,success,label_logprob,"{""score_0"": -42.8125, ""score_1"": -43.03125}",,0,0,success,label_logprob,"{""score_0"": -42.8125, ""score_1"": -43.03125}",,0,0,success,label_logprob,"{""score_0"": -42.8125, ""score_1"": -43.03125}",
94,0,plus icon,smokey face icon,the app is responsive but one problem.when sending a message to someone the plus nd smokey face Icon for sending images is their but when I press it no options for pics or stickers to send comes up.not a major problem to me although to some people probably yes.fixxxxx asap,the app is responsive but one problem.when sending a message to someone the plus nd smokey face Icon for sending images is their but when I press it no options for pics or stickers to send comes up.not a major problem to me although to some people probably yes.fixxxxx asap,0,0,success,label_logprob,"{""score_0"": -43.3125, ""score_1"": -43.65625}",,0,0,success,label_logprob,"{""score_0"": -43.3125, ""score_1"": -43.65625}",,0,0,success,label_logprob,"{""score_0"": -43.3125, ""score_1"": -43.65625}",
95,1,older movies,old movies,To many older movies all the time.,Same old movies.,1,1,success,label_logprob,"{""score_0"": -42.8125, ""score_1"": -42.59375}",,1,1,success,label_logprob,"{""score_0"": -42.8125, ""score_1"": -42.59375}",,1,1,success,label_logprob,"{""score_0"": -42.8125, ""score_1"": -42.59375}",
96,0,goes offline,offline mode,"If I stop the app completely and login again it works until I stop using the app, then it just goes offline again.",I am fully connected to wifi and offline mode is off.,1,1,success,label_logprob,"{""score_0"": -43.125, ""score_1"": -43.09375}",,1,1,success,label_logprob,"{""score_0"": -43.125, ""score_1"": -43.09375}",,1,1,success,label_logprob,"{""score_0"": -43.125, ""score_1"": -43.09375}",
97,0,voice messaging,voice notes,Voice messaging giving problems for some strange reason when you access voice message screen.,"I would recommend installing Adobe ReaderAdobe Readerwhich perfectly displays PDFs on the kindle fire.For whatever reason, on the Kindle Fire voice notes will not play.",0,0,success,label_logprob,"{""score_0"": -43.0, ""score_1"": -43.0}",,0,0,success,label_logprob,"{""score_0"": -43.0, ""score_1"": -43.0}",,0,0,success,label_logprob,"{""score_0"": -43.0, ""score_1"": -43.0}",
98,1,facebook games,play my facebook games,Facebook games do not work in this version of Facebook; you would need an actual computer for that.,"I like having access to Facebook, but I'm so disappointed that I can't play my Facebook games on my Kindle.",1,1,success,label_logprob,"{""score_0"": -42.9375, ""score_1"": -42.875}",,1,1,success,label_logprob,"{""score_0"": -42.9375, ""score_1"": -42.875}",,1,1,success,label_logprob,"{""score_0"": -42.9375, ""score_1"": -42.875}",
99,0,running tab,discovery tabs,I am not sure how to get out of the original screen to have the notes listed in another place from the running tab on the main screen.R Elliott,"The home,discovery and activity tabs are not to be seen after update on app.what's wrong??",0,0,success,label_logprob,"{""score_0"": -42.875, ""score_1"": -42.90625}",,0,0,success,label_logprob,"{""score_0"": -42.875, ""score_1"": -42.90625}",,0,0,success,label_logprob,"{""score_0"": -42.875, ""score_1"": -42.90625}",
